{
    "Al": {
        "Al": 0,
        "Au": 21.6,
        "B": 0.1,
        "Co": -18.8,
        "Cu": -7.6,
        "Fe": -11.1,
        "Hf": -38.5,
        "In": 6.6,
        "Mn": -19.1,
        "Ni": -22.3,
        "Pd": -45.8,
        "Pt": -44.2,
        "Sc": -37.7,
        "Sn": 4.0,
        "Ta": -19.2,
        "Ti": -29.5,
        "Zr": -43.7
    },
    "Au": {
        "Al": 21.6,
        "Au": 0,
        "B": -2.4,
        "Co": 7.2,
        "Cu": -8.8,
        "Fe": 8.0,
        "Hf": -63.3,
        "In": -10.6,
        "Mn": -11.3,
        "Ni": 7.1,
        "Pd": 0.1,
        "Pt": 4.4,
        "Sc": -73.7,
        "Sn": -10.3,
        "Ta": -32.3,
        "Ti": -47.4,
        "Zr": -73.9
    },
    "B": {
        "Al": 0.1,
        "Au": -2.4,
        "B": 0,
        "Co": -24.4,
        "Cu": -6.4,
        "Fe": -26.5,
        "Hf": -64.9,
        "In": 17.8,
        "Mn": -32.4,
        "Ni": -23.6,
        "Pd": -24.1,
        "Pt": -27.8,
        "Sc": -53.9,
        "Sn": 17.4,
        "Ta": -53.3,
        "Ti": -57.2,
        "Zr": -70.1
    },
    "Co": {
        "Al": -18.8,
        "Au": 7.2,
        "B": -24.4,
        "Co": 0,
        "Cu": 6.4,
        "Fe": -0.6,
        "Hf": -34.7,
        "In": 6.6,
        "Mn": -5.2,
        "Ni": -0.2,
        "Pd": -1.5,
        "Pt": -7.2,
        "Sc": -29.4,
        "Sn": 0.2,
        "Ta": -23.9,
        "Ti": -28.3,
        "Zr": -40.3
    },
    "Cu": {
        "Al": -7.6,
        "Au": -8.8,
        "B": -6.4,
        "Co": 6.4,
        "Cu": 0,
        "Fe": 12.9,
        "Hf": -16.9,
        "In": 2.4,
        "Mn": 3.8,
        "Ni": 3.6,
        "Pd": -13.6,
        "Pt": -12.1,
        "Sc": -23.9,
        "Sn": -1.0,
        "Ta": 1.9,
        "Ti": -8.9,
        "Zr": -22.6
    },
    "Fe": {
        "Al": -11.1,
        "Au": 8.0,
        "B": -26.5,
        "Co": -0.6,
        "Cu": 12.9,
        "Fe": 0,
        "Hf": -20.5,
        "In": 18.9,
        "Mn": 0.2,
        "Ni": -1.6,
        "Pd": -4.3,
        "Pt": -13.0,
        "Sc": -11.4,
        "Sn": 10.6,
        "Ta": -15.0,
        "Ti": -16.8,
        "Zr": -24.6
    },
    "Hf": {
        "Al": -38.5,
        "Au": -63.3,
        "B": -64.9,
        "Co": -34.7,
        "Cu": -16.9,
        "Fe": -20.5,
        "Hf": 0,
        "In": -17.6,
        "Mn": -11.9,
        "Ni": -42.2,
        "Pd": -80.2,
        "Pt": -89.3,
        "Sc": 5.1,
        "Sn": -35.3,
        "Ta": 2.9,
        "Ti": 0.2,
        "Zr": -0.2
    },
    "In": {
        "Al": 6.6,
        "Au": -10.6,
        "B": 17.8,
        "Co": 6.6,
        "Cu": 2.4,
        "Fe": 18.9,
        "Hf": -17.6,
        "In": 0,
        "Mn": 2.6,
        "Ni": 1.7,
        "Pd": -31.1,
        "Pt": -21.3,
        "Sc": -30.2,
        "Sn": -0.3,
        "Ta": 13.4,
        "Ti": -5.5,
        "Zr": -25.0
    },
    "Mn": {
        "Al": -19.1,
        "Au": -11.3,
        "B": 32.4,
        "Co": -5.2,
        "Cu": 3.8,
        "Fe": 0.2,
        "Hf": -11.9,
        "In": 2.6,
        "Mn": 0,
        "Ni": -8.2,
        "Pd": -22.6,
        "Pt": -28.3,
        "Sc": -8.3,
        "Sn": -6.9,
        "Ta": -3.8,
        "Ti": -8.2,
        "Zr": -15.3
    },
    "Ni": {
        "Al": -22.3,
        "Au": 7.1,
        "B": -23.6,
        "Co": -0.2,
        "Cu": 3.6,
        "Fe": -1.6,
        "Hf": -42.2,
        "In": 1.7,
        "Mn": -8.2,
        "Ni": 0,
        "Pd": -0.1,
        "Pt": -4.7,
        "Sc": -38.1,
        "Sn": 0.2,
        "Ta": -29.2,
        "Ti": -34.5,
        "Zr": -48.4
    },
    "Pd": {
        "Al": -45.8,
        "Au": 0.1,
        "B": -24.1,
        "Co": -1.5,
        "Cu": -13.6,
        "Fe": -4.3,
        "Hf": -80.2,
        "In": -31.1,
        "Mn": -22.6,
        "Ni": -0.1,
        "Pd": 0,
        "Pt": 2.0,
        "Sc": -85.5,
        "Sn": -33.8,
        "Ta": -52.2,
        "Ti": -64.5,
        "Zr": -90.7
    },
    "Pt": {
        "Al": -44.2,
        "Au": 4.4,
        "B": -27.8,
        "Co": -7.2,
        "Cu": -12.1,
        "Fe": -13.0,
        "Hf": -89.3,
        "In": -21.3,
        "Mn": -28.3,
        "Ni": -4.7,
        "Pd": 2.0,
        "Pt": 0,
        "Sc": -88.0,
        "Sn": -24.6,
        "Ta": -65.5,
        "Ti": -74.4,
        "Zr": -99.5
    },
    "Sc": {
        "Al": -37.7,
        "Au": -73.7,
        "B": -53.9,
        "Co": -29.4,
        "Cu": -23.9,
        "Fe": -11.4,
        "Hf": 5.1,
        "In": -30.2,
        "Mn": -8.3,
        "Ni": -38.1,
        "Pd": -85.5,
        "Pt": -88.0,
        "Sc": 0,
        "Sn": -45.1,
        "Ta": 15.8,
        "Ti": 7.5,
        "Zr": 4.1
    },
    "Sn": {
        "Al": 4.0,
        "Au": -10.3,
        "B": 17.4,
        "Co": 0.2,
        "Cu": -1.0,
        "Fe": 10.6,
        "Hf": -35.3,
        "In": -0.3,
        "Mn": -6.9,
        "Ni": 0.2,
        "Pd": -33.8,
        "Pt": -24.6,
        "Sc": -45.1,
        "Sn": 0,
        "Ta": -2.7,
        "Ti": -21.3,
        "Zr": -43.5
    },
    "Ta": {
        "Al": -19.2,
        "Au": -32.3,
        "B": -53.3,
        "Co": -23.9,
        "Cu": 1.9,
        "Fe": -15.0,
        "Hf": 2.9,
        "In": 13.4,
        "Mn": -3.8,
        "Ni": -29.2,
        "Pd": -52.2,
        "Pt": -65.5,
        "Sc": 15.8,
        "Sn": -2.7,
        "Ta": 0,
        "Ti": 1.4,
        "Zr": 2.7
    },
    "Ti": {
        "Al": -29.5,
        "Au": -47.4,
        "B": -57.2,
        "Co": -28.3,
        "Cu": -8.9,
        "Fe": -16.8,
        "Hf": 0.2,
        "In": -5.5,
        "Mn": -8.2,
        "Ni": -34.5,
        "Pd": -64.5,
        "Pt": -74.4,
        "Sc": 7.5,
        "Sn": -21.3,
        "Ta": 1.4,
        "Ti": 0,
        "Zr": -0.2
    },
    "Zr": {
        "Al": -43.7,
        "Au": -73.9,
        "B": -70.1,
        "Co": -40.3,
        "Cu": -22.6,
        "Fe": -24.6,
        "Hf": -0.2,
        "In": -25.0,
        "Mn": -15.3,
        "Ni": -48.4,
        "Pd": -90.7,
        "Pt": -99.5,
        "Sc": 4.1,
        "Sn": -43.5,
        "Ta": 2.7,
        "Ti": -0.2,
        "Zr": 0
    }
}