{
    "Al": {
        "radius": 0.14317,
        "electronegativity": 1.61,
        "valence_electron_number": 3,
        "cohesive_energy": 3.39,
        "shear_modulus": 26,
        "poissons_ratio": 0.35,
        "work_function": 4.28
    },
    "Au": {
        "radius": 0.1442,
        "electronegativity": 2.54,
        "valence_electron_number": 11,
        "cohesive_energy": 3.81,
        "shear_modulus": 27,
        "poissons_ratio": 0.44,
        "work_function": 5.1
    },
    "B": {
        "radius": 0.082,
        "electronegativity": 2.04,
        "valence_electron_number": 3,
        "cohesive_energy": 5.81,
        "shear_modulus": 177,
        "poissons_ratio": 0.13,
        "work_function": 4.45
    },
    "Co": {
        "radius": 0.1251,
        "electronegativity": 1.88,
        "valence_electron_number": 9,
        "cohesive_energy": 4.39,
        "shear_modulus": 75,
        "poissons_ratio": 0.31,
        "work_function": 5
    },
    "Cu": {
        "radius": 0.1278,
        "electronegativity": 1.9,
        "valence_electron_number": 11,
        "cohesive_energy": 3.49,
        "shear_modulus": 48,
        "poissons_ratio": 0.34,
        "work_function": 4.65
    },
    "Fe": {
        "radius": 0.12412,
        "electronegativity": 1.83,
        "valence_electron_number": 8,
        "cohesive_energy": 4.28,
        "shear_modulus": 82,
        "poissons_ratio": 0.29,
        "work_function": 4.5
    },
    "Hf": {
        "radius": 0.15775,
        "electronegativity": 1.3,
        "valence_electron_number": 4,
        "cohesive_energy": 6.44,
        "shear_modulus": 30,
        "poissons_ratio": 0.37,
        "work_function": 3.9
    },
    "In": {
        "radius": 0.1659,
        "electronegativity": 1.78,
        "valence_electron_number": 3,
        "cohesive_energy": 2.52,
        "shear_modulus": 4,
        "poissons_ratio": 0.445,
        "work_function": 4.12
    },
    "Mn": {
        "radius": 0.135,
        "electronegativity": 1.55,
        "valence_electron_number": 7,
        "cohesive_energy": 2.92,
        "shear_modulus": 78,
        "poissons_ratio": 0.24,
        "work_function": 4.1
    },
    "Ni": {
        "radius": 0.12459,
        "electronegativity": 1.91,
        "valence_electron_number": 10,
        "cohesive_energy": 4.44,
        "shear_modulus": 76,
        "poissons_ratio": 0.31,
        "work_function": 5.15
    },
    "Pd": {
        "radius": 0.13754,
        "electronegativity": 2.2,
        "valence_electron_number": 10,
        "cohesive_energy": 3.89,
        "shear_modulus": 44,
        "poissons_ratio": 0.39,
        "work_function": 5.12
    },
    "Pt": {
        "radius": 0.1387,
        "electronegativity": 2.28,
        "valence_electron_number": 10,
        "cohesive_energy": 5.65,
        "shear_modulus": 61,
        "poissons_ratio": 0.38,
        "work_function": 5.65
    },
    "Sc": {
        "radius": 0.1641,
        "electronegativity": 1.36,
        "valence_electron_number": 3,
        "cohesive_energy": 3.9,
        "shear_modulus": 29.1,
        "poissons_ratio": 0.279,
        "work_function": 3.5
    },
    "Sn": {
        "radius": 0.162,
        "electronegativity": 1.96,
        "valence_electron_number": 4,
        "cohesive_energy": 3.14,
        "shear_modulus": 18,
        "poissons_ratio": 0.36,
        "work_function": 4.42
    },
    "Ta": {
        "radius": 0.143,
        "electronegativity": 1.5,
        "valence_electron_number": 5,
        "cohesive_energy": 8.1,
        "shear_modulus": 69,
        "poissons_ratio": 0.34,
        "work_function": 4.25
    },
    "Ti": {
        "radius": 0.14615,
        "electronegativity": 1.54,
        "valence_electron_number": 4,
        "cohesive_energy": 4.85,
        "shear_modulus": 44,
        "poissons_ratio": 0.32,
        "work_function": 4.33
    },
    "Zr": {
        "radius": 0.16025,
        "electronegativity": 1.33,
        "valence_electron_number": 4,
        "cohesive_energy": 6.25,
        "shear_modulus": 33,
        "poissons_ratio": 0.34,
        "work_function": 4.05
    }
}